code,filename,sourceFolder,category,image
TLC-AGKSL,TLC-AGKSL.jpg,三胺板,Dark Wood,/images/collections/melamine-board/TLC-AGKSL.jpg
TLC-B2342,TLC-B2342.jpg,三胺板,Fabric / Solid,/images/collections/melamine-board/TLC-B2342.jpg
TLC-B64005,TLC-B64005.jpg,三胺板,Stone / Marble,/images/collections/melamine-board/TLC-B64005.jpg
TLC-B94031,TLC-B94031.jpg,三胺板,Grey Wood,/images/collections/melamine-board/TLC-B94031.jpg
TLC-C64058,TLC-C64058.jpg,三胺板,Stone / Marble,/images/collections/melamine-board/TLC-C64058.jpg
TLC-C65014,TLC-C65014.jpg,三胺板,Stone / Marble,/images/collections/melamine-board/TLC-C65014.jpg
TLC-C95028,TLC-C95028.jpg,三胺板,Stone / Marble,/images/collections/melamine-board/TLC-C95028.jpg
TLC-JCW,TLC-JCW.jpg,三胺板,Fabric / Solid,/images/collections/melamine-board/TLC-JCW.jpg
TLC-LSYM,TLC-LSYM.jpg,三胺板,Dark Wood,/images/collections/melamine-board/TLC-LSYM.jpg
TLC-MY,TLC-MY.jpg,三胺板,Dark Wood,/images/collections/melamine-board/TLC-MY.jpg
TLC-RLYX,TLC-RLYX.jpg,三胺板,Dark Wood,/images/collections/melamine-board/TLC-RLYX.jpg
TLC-SLXM,TLC-SLXM.jpg,三胺板,Dark Wood,/images/collections/melamine-board/TLC-SLXM.jpg
TLC-XMYM,TLC-XMYM.jpg,三胺板,Dark Wood,/images/collections/melamine-board/TLC-XMYM.jpg
TLC-YLGX,TLC-YLGX.jpg,三胺板,Dark Wood,/images/collections/melamine-board/TLC-YLGX.jpg
TLC-YMW,TLC-YMW.jpg,三胺板,Dark Wood,/images/collections/melamine-board/TLC-YMW.jpg
TLF-7060TB1,TLF-7060TB1.jpg,三胺板,Dark Wood,/images/collections/melamine-board/TLF-7060TB1.jpg
TLF-9071DK,TLF-9071DK.jpg,三胺板,Fabric / Solid,/images/collections/melamine-board/TLF-9071DK.jpg
TLF-9072ZW,TLF-9072ZW.jpg,三胺板,Stone / Marble,/images/collections/melamine-board/TLF-9072ZW.jpg
TLF-9073ZW,TLF-9073ZW.jpg,三胺板,Stone / Marble,/images/collections/melamine-board/TLF-9073ZW.jpg
TLF-9075SS,TLF-9075SS.jpg,三胺板,Stone / Marble,/images/collections/melamine-board/TLF-9075SS.jpg
TLF-9077SS,TLF-9077SS.jpg,三胺板,Stone / Marble,/images/collections/melamine-board/TLF-9077SS.jpg
TLF-9078DK,TLF-9078DK.jpg,三胺板,Fabric / Solid,/images/collections/melamine-board/TLF-9078DK.jpg
TLQ-BGLB,TLQ-BGLB.jpg,三胺板,Stone / Marble,/images/collections/melamine-board/TLQ-BGLB.jpg
TLQ-KBDS,TLQ-KBDS.jpg,三胺板,Grey Wood,/images/collections/melamine-board/TLQ-KBDS.jpg
TLQ-MLH,TLQ-MLH.jpg,三胺板,Warm Wood,/images/collections/melamine-board/TLQ-MLH.jpg
TLQ-QMHT,TLQ-QMHT.jpg,三胺板,Warm Wood,/images/collections/melamine-board/TLQ-QMHT.jpg
TLQ-QXHX,TLQ-QXHX.jpg,三胺板,Light Wood,/images/collections/melamine-board/TLQ-QXHX.jpg
TLQ-SFY,TLQ-SFY.jpg,三胺板,Light Wood,/images/collections/melamine-board/TLQ-SFY.jpg
B003,B003.jpg,三胺板素材-collection,Light Wood,/images/collections/melamine-board/B003.jpg
B004,B004.jpg,三胺板素材-collection,Fabric / Solid,/images/collections/melamine-board/B004.jpg
B007,B007.jpg,三胺板素材-collection,Warm Wood,/images/collections/melamine-board/B007.jpg
B009,B009.jpg,三胺板素材-collection,Warm Wood,/images/collections/melamine-board/B009.jpg
B010,B010.jpg,三胺板素材-collection,Warm Wood,/images/collections/melamine-board/B010.jpg
B011,B011.jpg,三胺板素材-collection,Warm Wood,/images/collections/melamine-board/B011.jpg
B015,B015.jpg,三胺板素材-collection,Dark Wood,/images/collections/melamine-board/B015.jpg
B019,B019.jpg,三胺板素材-collection,Dark Wood,/images/collections/melamine-board/B019.jpg
B022,B022.jpg,三胺板素材-collection,Light Wood,/images/collections/melamine-board/B022.jpg
B024,B024.jpg,三胺板素材-collection,Light Wood,/images/collections/melamine-board/B024.jpg
B027,B027.jpg,三胺板素材-collection,Light Wood,/images/collections/melamine-board/B027.jpg
B028,B028.jpg,三胺板素材-collection,Light Wood,/images/collections/melamine-board/B028.jpg
B030,B030.jpg,三胺板素材-collection,Warm Wood,/images/collections/melamine-board/B030.jpg
B038,B038.jpg,三胺板素材-collection,Warm Wood,/images/collections/melamine-board/B038.jpg
B045,B045.jpg,三胺板素材-collection,Light Wood,/images/collections/melamine-board/B045.jpg
B046,B046.jpg,三胺板素材-collection,Light Wood,/images/collections/melamine-board/B046.jpg
B049,B049.jpg,三胺板素材-collection,Warm Wood,/images/collections/melamine-board/B049.jpg
B051,B051.jpg,三胺板素材-collection,Light Wood,/images/collections/melamine-board/B051.jpg
B059,B059.jpg,三胺板素材-collection,Warm Wood,/images/collections/melamine-board/B059.jpg
B063,B063.jpg,三胺板素材-collection,Warm Wood,/images/collections/melamine-board/B063.jpg
B065,B065.jpg,三胺板素材-collection,Dark Wood,/images/collections/melamine-board/B065.jpg
B069,B069.jpg,三胺板素材-collection,Warm Wood,/images/collections/melamine-board/B069.jpg
B070,B070.jpg,三胺板素材-collection,Dark Wood,/images/collections/melamine-board/B070.jpg
B071,B071.jpg,三胺板素材-collection,Dark Wood,/images/collections/melamine-board/B071.jpg
B072,B072.jpg,三胺板素材-collection,Dark Wood,/images/collections/melamine-board/B072.jpg
B073,B073.jpg,三胺板素材-collection,Dark Wood,/images/collections/melamine-board/B073.jpg
B074,B074.jpg,三胺板素材-collection,Dark Wood,/images/collections/melamine-board/B074.jpg
B078,B078.jpg,三胺板素材-collection,Dark Wood,/images/collections/melamine-board/B078.jpg
B101,B101.jpg,三胺板素材-collection,Dark Wood,/images/collections/melamine-board/B101.jpg
B105,B105.jpg,三胺板素材-collection,Warm Wood,/images/collections/melamine-board/B105.jpg
B106,B106.jpg,三胺板素材-collection,Dark Wood,/images/collections/melamine-board/B106.jpg
B108,B108.jpg,三胺板素材-collection,Dark Wood,/images/collections/melamine-board/B108.jpg
B109,B109.jpg,三胺板素材-collection,Light Wood,/images/collections/melamine-board/B109.jpg
B115,B115.jpg,三胺板素材-collection,Dark Wood,/images/collections/melamine-board/B115.jpg
B117,B117.jpg,三胺板素材-collection,Dark Wood,/images/collections/melamine-board/B117.jpg
B120,B120.jpg,三胺板素材-collection,Dark Wood,/images/collections/melamine-board/B120.jpg
B124,B124.jpg,三胺板素材-collection,Dark Wood,/images/collections/melamine-board/B124.jpg
B125,B125.jpg,三胺板素材-collection,Dark Wood,/images/collections/melamine-board/B125.jpg
B132,B132.jpg,三胺板素材-collection,Light Wood,/images/collections/melamine-board/B132.jpg
B134,B134.jpg,三胺板素材-collection,Light Wood,/images/collections/melamine-board/B134.jpg
B135,B135.jpg,三胺板素材-collection,Light Wood,/images/collections/melamine-board/B135.jpg
B136,B136.jpg,三胺板素材-collection,Dark Wood,/images/collections/melamine-board/B136.jpg
B138,B138.jpg,三胺板素材-collection,Dark Wood,/images/collections/melamine-board/B138.jpg
B139,B139.jpg,三胺板素材-collection,Light Wood,/images/collections/melamine-board/B139.jpg
B143,B143.jpg,三胺板素材-collection,Dark Wood,/images/collections/melamine-board/B143.jpg
B147,B147.jpg,三胺板素材-collection,Light Wood,/images/collections/melamine-board/B147.jpg
B149,B149.jpg,三胺板素材-collection,Warm Wood,/images/collections/melamine-board/B149.jpg
B150,B150.jpg,三胺板素材-collection,Light Wood,/images/collections/melamine-board/B150.jpg
B151,B151.jpg,三胺板素材-collection,Light Wood,/images/collections/melamine-board/B151.jpg
B152,B152.jpg,三胺板素材-collection,Light Wood,/images/collections/melamine-board/B152.jpg
B153,B153.jpg,三胺板素材-collection,Light Wood,/images/collections/melamine-board/B153.jpg
B155,B155.jpg,三胺板素材-collection,Light Wood,/images/collections/melamine-board/B155.jpg
B156,B156.jpg,三胺板素材-collection,Light Wood,/images/collections/melamine-board/B156.jpg
B159,B159.jpg,三胺板素材-collection,Fabric / Solid,/images/collections/melamine-board/B159.jpg
B160,B160.jpg,三胺板素材-collection,Fabric / Solid,/images/collections/melamine-board/B160.jpg
B161,B161.jpg,三胺板素材-collection,Fabric / Solid,/images/collections/melamine-board/B161.jpg
B163,B163.jpg,三胺板素材-collection,Fabric / Solid,/images/collections/melamine-board/B163.jpg
B165,B165.jpg,三胺板素材-collection,Fabric / Solid,/images/collections/melamine-board/B165.jpg
B168,B168.jpg,三胺板素材-collection,Light Wood,/images/collections/melamine-board/B168.jpg
B169,B169.jpg,三胺板素材-collection,Grey Wood,/images/collections/melamine-board/B169.jpg
B179,B179.jpg,三胺板素材-collection,Light Wood,/images/collections/melamine-board/B179.jpg
B185,B185.jpg,三胺板素材-collection,Light Wood,/images/collections/melamine-board/B185.jpg
B186,B186.jpg,三胺板素材-collection,Light Wood,/images/collections/melamine-board/B186.jpg
B188,B188.jpg,三胺板素材-collection,Warm Wood,/images/collections/melamine-board/B188.jpg
B195,B195.jpg,三胺板素材-collection,Dark Wood,/images/collections/melamine-board/B195.jpg
B208,B208.jpg,三胺板素材-collection,Light Wood,/images/collections/melamine-board/B208.jpg
B209,B209.jpg,三胺板素材-collection,Light Wood,/images/collections/melamine-board/B209.jpg
B211,B211.jpg,三胺板素材-collection,Warm Wood,/images/collections/melamine-board/B211.jpg
B212,B212.jpg,三胺板素材-collection,Dark Wood,/images/collections/melamine-board/B212.jpg
B216,B216.jpg,三胺板素材-collection,Dark Wood,/images/collections/melamine-board/B216.jpg
B217,B217.jpg,三胺板素材-collection,Fabric / Solid,/images/collections/melamine-board/B217.jpg
B218,B218.jpg,三胺板素材-collection,Dark Wood,/images/collections/melamine-board/B218.jpg
B220,B220.jpg,三胺板素材-collection,Light Wood,/images/collections/melamine-board/B220.jpg
B222,B222.jpg,三胺板素材-collection,Light Wood,/images/collections/melamine-board/B222.jpg
B223,B223.jpg,三胺板素材-collection,Grey Wood,/images/collections/melamine-board/B223.jpg
B224,B224.jpg,三胺板素材-collection,Light Wood,/images/collections/melamine-board/B224.jpg
B225,B225.jpg,三胺板素材-collection,Dark Wood,/images/collections/melamine-board/B225.jpg
B228,B228.jpg,三胺板素材-collection,Grey Wood,/images/collections/melamine-board/B228.jpg
B232,B232.jpg,三胺板素材-collection,Warm Wood,/images/collections/melamine-board/B232.jpg
B233,B233.jpg,三胺板素材-collection,Dark Wood,/images/collections/melamine-board/B233.jpg
B235,B235.jpg,三胺板素材-collection,Dark Wood,/images/collections/melamine-board/B235.jpg
B241,B241.jpg,三胺板素材-collection,Dark Wood,/images/collections/melamine-board/B241.jpg
B242,B242.jpg,三胺板素材-collection,Warm Wood,/images/collections/melamine-board/B242.jpg
B243,B243.jpg,三胺板素材-collection,Light Wood,/images/collections/melamine-board/B243.jpg
B244,B244.jpg,三胺板素材-collection,Dark Wood,/images/collections/melamine-board/B244.jpg
B248,B248.jpg,三胺板素材-collection,Dark Wood,/images/collections/melamine-board/B248.jpg
B250,B250.jpg,三胺板素材-collection,Fabric / Solid,/images/collections/melamine-board/B250.jpg
B251,B251.jpg,三胺板素材-collection,Fabric / Solid,/images/collections/melamine-board/B251.jpg
B266,B266.jpg,三胺板素材-collection,Warm Wood,/images/collections/melamine-board/B266.jpg
B275,B275.jpg,三胺板素材-collection,Light Wood,/images/collections/melamine-board/B275.jpg
B278,B278.jpg,三胺板素材-collection,Fabric / Solid,/images/collections/melamine-board/B278.jpg
B280,B280.jpg,三胺板素材-collection,Fabric / Solid,/images/collections/melamine-board/B280.jpg
B281,B281.jpg,三胺板素材-collection,Light Wood,/images/collections/melamine-board/B281.jpg
B283,B283.jpg,三胺板素材-collection,Light Wood,/images/collections/melamine-board/B283.jpg
B284,B284.jpg,三胺板素材-collection,Fabric / Solid,/images/collections/melamine-board/B284.jpg
B287,B287.jpg,三胺板素材-collection,Fabric / Solid,/images/collections/melamine-board/B287.jpg
B288,B288.jpg,三胺板素材-collection,Dark Wood,/images/collections/melamine-board/B288.jpg
B289,B289.jpg,三胺板素材-collection,Light Wood,/images/collections/melamine-board/B289.jpg
B296,B296.jpg,三胺板素材-collection,Dark Wood,/images/collections/melamine-board/B296.jpg
B297,B297.jpg,三胺板素材-collection,Dark Wood,/images/collections/melamine-board/B297.jpg
B300,B300.jpg,三胺板素材-collection,Light Wood,/images/collections/melamine-board/B300.jpg
B1001,B1001.jpg,三胺板素材-collection,Warm Wood,/images/collections/melamine-board/B1001.jpg
B1043,B1043.jpg,三胺板素材-collection,Dark Wood,/images/collections/melamine-board/B1043.jpg
B1102,B1102.jpg,三胺板素材-collection,Dark Wood,/images/collections/melamine-board/B1102.jpg
B1106,B1106.jpg,三胺板素材-collection,Light Wood,/images/collections/melamine-board/B1106.jpg
B1119,B1119.jpg,三胺板素材-collection,Light Wood,/images/collections/melamine-board/B1119.jpg
B1135,B1135.jpg,三胺板素材-collection,Dark Wood,/images/collections/melamine-board/B1135.jpg
B1140,B1140.jpg,三胺板素材-collection,Light Wood,/images/collections/melamine-board/B1140.jpg
B1141,B1141.jpg,三胺板素材-collection,Warm Wood,/images/collections/melamine-board/B1141.jpg
B1142,B1142.jpg,三胺板素材-collection,Fabric / Solid,/images/collections/melamine-board/B1142.jpg
B1146,B1146.jpg,三胺板素材-collection,Light Wood,/images/collections/melamine-board/B1146.jpg
B1152,B1152.jpg,三胺板素材-collection,Warm Wood,/images/collections/melamine-board/B1152.jpg
B1161,B1161.jpg,三胺板素材-collection,Dark Wood,/images/collections/melamine-board/B1161.jpg
B1302,B1302.jpg,三胺板素材-collection,Warm Wood,/images/collections/melamine-board/B1302.jpg
B1315,B1315.jpg,三胺板素材-collection,Dark Wood,/images/collections/melamine-board/B1315.jpg
B1403,B1403.jpg,三胺板素材-collection,Dark Wood,/images/collections/melamine-board/B1403.jpg
B1406,B1406.jpg,三胺板素材-collection,Fabric / Solid,/images/collections/melamine-board/B1406.jpg
B1412,B1412.jpg,三胺板素材-collection,Dark Wood,/images/collections/melamine-board/B1412.jpg
B1431,B1431.jpg,三胺板素材-collection,Light Wood,/images/collections/melamine-board/B1431.jpg
B1432,B1432.jpg,三胺板素材-collection,Grey Wood,/images/collections/melamine-board/B1432.jpg
B1435,B1435.jpg,三胺板素材-collection,Light Wood,/images/collections/melamine-board/B1435.jpg
B1444,B1444.jpg,三胺板素材-collection,Dark Wood,/images/collections/melamine-board/B1444.jpg
B1446,B1446.jpg,三胺板素材-collection,Dark Wood,/images/collections/melamine-board/B1446.jpg
B1505,B1505.jpg,三胺板素材-collection,Fabric / Solid,/images/collections/melamine-board/B1505.jpg
B1517,B1517.jpg,三胺板素材-collection,Dark Wood,/images/collections/melamine-board/B1517.jpg
B1519,B1519.jpg,三胺板素材-collection,Dark Wood,/images/collections/melamine-board/B1519.jpg
B1521,B1521.jpg,三胺板素材-collection,Warm Wood,/images/collections/melamine-board/B1521.jpg
B1541,B1541.jpg,三胺板素材-collection,Dark Wood,/images/collections/melamine-board/B1541.jpg
B1542,B1542.jpg,三胺板素材-collection,Light Wood,/images/collections/melamine-board/B1542.jpg
B1543,B1543.jpg,三胺板素材-collection,Light Wood,/images/collections/melamine-board/B1543.jpg
B1554,B1554.jpg,三胺板素材-collection,Warm Wood,/images/collections/melamine-board/B1554.jpg
B1558,B1558.jpg,三胺板素材-collection,Dark Wood,/images/collections/melamine-board/B1558.jpg
B1559,B1559.jpg,三胺板素材-collection,Warm Wood,/images/collections/melamine-board/B1559.jpg
B1569,B1569.jpg,三胺板素材-collection,Dark Wood,/images/collections/melamine-board/B1569.jpg
B1570,B1570.jpg,三胺板素材-collection,Dark Wood,/images/collections/melamine-board/B1570.jpg
B1578,B1578.jpg,三胺板素材-collection,Dark Wood,/images/collections/melamine-board/B1578.jpg
B1608,B1608.jpg,三胺板素材-collection,Light Wood,/images/collections/melamine-board/B1608.jpg
B1612,B1612.jpg,三胺板素材-collection,Dark Wood,/images/collections/melamine-board/B1612.jpg
B1902,B1902.jpg,三胺板素材-collection,Dark Wood,/images/collections/melamine-board/B1902.jpg
B1903,B1903.jpg,三胺板素材-collection,Warm Wood,/images/collections/melamine-board/B1903.jpg
B1906,B1906.jpg,三胺板素材-collection,Warm Wood,/images/collections/melamine-board/B1906.jpg
B1910,B1910.jpg,三胺板素材-collection,Warm Wood,/images/collections/melamine-board/B1910.jpg
B2001,B2001.jpg,三胺板素材-collection,Dark Wood,/images/collections/melamine-board/B2001.jpg
B2004,B2004.jpg,三胺板素材-collection,Fabric / Solid,/images/collections/melamine-board/B2004.jpg
B2006,B2006.jpg,三胺板素材-collection,Light Wood,/images/collections/melamine-board/B2006.jpg
B2012,B2012.jpg,三胺板素材-collection,Dark Wood,/images/collections/melamine-board/B2012.jpg
B2014,B2014.jpg,三胺板素材-collection,Grey Wood,/images/collections/melamine-board/B2014.jpg
B2020,B2020.jpg,三胺板素材-collection,Dark Wood,/images/collections/melamine-board/B2020.jpg
B2022,B2022.jpg,三胺板素材-collection,Grey Wood,/images/collections/melamine-board/B2022.jpg
B2023,B2023.jpg,三胺板素材-collection,Grey Wood,/images/collections/melamine-board/B2023.jpg
B2025,B2025.jpg,三胺板素材-collection,Grey Wood,/images/collections/melamine-board/B2025.jpg
B2026,B2026.jpg,三胺板素材-collection,Dark Wood,/images/collections/melamine-board/B2026.jpg
B2029,B2029.jpg,三胺板素材-collection,Light Wood,/images/collections/melamine-board/B2029.jpg
B2031,B2031.jpg,三胺板素材-collection,Warm Wood,/images/collections/melamine-board/B2031.jpg
B2033,B2033.jpg,三胺板素材-collection,Dark Wood,/images/collections/melamine-board/B2033.jpg
B2034,B2034.jpg,三胺板素材-collection,Fabric / Solid,/images/collections/melamine-board/B2034.jpg
B2035,B2035.jpg,三胺板素材-collection,Warm Wood,/images/collections/melamine-board/B2035.jpg
B2036,B2036.jpg,三胺板素材-collection,Warm Wood,/images/collections/melamine-board/B2036.jpg
B2040,B2040.jpg,三胺板素材-collection,Warm Wood,/images/collections/melamine-board/B2040.jpg
B2041,B2041.jpg,三胺板素材-collection,Dark Wood,/images/collections/melamine-board/B2041.jpg
B2112,B2112.jpg,三胺板素材-collection,Light Wood,/images/collections/melamine-board/B2112.jpg
B2114,B2114.jpg,三胺板素材-collection,Grey Wood,/images/collections/melamine-board/B2114.jpg
B2115,B2115.jpg,三胺板素材-collection,Light Wood,/images/collections/melamine-board/B2115.jpg
B2118,B2118.jpg,三胺板素材-collection,Light Wood,/images/collections/melamine-board/B2118.jpg
B2124,B2124.jpg,三胺板素材-collection,Warm Wood,/images/collections/melamine-board/B2124.jpg
B2128,B2128.jpg,三胺板素材-collection,Warm Wood,/images/collections/melamine-board/B2128.jpg
B2130,B2130.jpg,三胺板素材-collection,Fabric / Solid,/images/collections/melamine-board/B2130.jpg
B2131,B2131.jpg,三胺板素材-collection,Warm Wood,/images/collections/melamine-board/B2131.jpg
B2136,B2136.jpg,三胺板素材-collection,Light Wood,/images/collections/melamine-board/B2136.jpg
B2139,B2139.jpg,三胺板素材-collection,Light Wood,/images/collections/melamine-board/B2139.jpg
B2144,B2144.jpg,三胺板素材-collection,Warm Wood,/images/collections/melamine-board/B2144.jpg
B2148,B2148.jpg,三胺板素材-collection,Grey Wood,/images/collections/melamine-board/B2148.jpg
B2149,B2149.jpg,三胺板素材-collection,Dark Wood,/images/collections/melamine-board/B2149.jpg
B2150,B2150.jpg,三胺板素材-collection,Light Wood,/images/collections/melamine-board/B2150.jpg
B2153,B2153.jpg,三胺板素材-collection,Dark Wood,/images/collections/melamine-board/B2153.jpg
B2154,B2154.jpg,三胺板素材-collection,Dark Wood,/images/collections/melamine-board/B2154.jpg
B2212,B2212.jpg,三胺板素材-collection,Dark Wood,/images/collections/melamine-board/B2212.jpg
B2213,B2213.jpg,三胺板素材-collection,Dark Wood,/images/collections/melamine-board/B2213.jpg
B2601,B2601.jpg,三胺板素材-collection,Dark Wood,/images/collections/melamine-board/B2601.jpg
B2801,B2801.jpg,三胺板素材-collection,Light Wood,/images/collections/melamine-board/B2801.jpg
B2804,B2804.jpg,三胺板素材-collection,Dark Wood,/images/collections/melamine-board/B2804.jpg
B2805,B2805.jpg,三胺板素材-collection,Dark Wood,/images/collections/melamine-board/B2805.jpg
B2806,B2806.jpg,三胺板素材-collection,Light Wood,/images/collections/melamine-board/B2806.jpg
B2807,B2807.jpg,三胺板素材-collection,Light Wood,/images/collections/melamine-board/B2807.jpg
B2808,B2808.jpg,三胺板素材-collection,Grey Wood,/images/collections/melamine-board/B2808.jpg
B2809,B2809.jpg,三胺板素材-collection,Dark Wood,/images/collections/melamine-board/B2809.jpg
B2811,B2811.jpg,三胺板素材-collection,Warm Wood,/images/collections/melamine-board/B2811.jpg
B2812,B2812.jpg,三胺板素材-collection,Warm Wood,/images/collections/melamine-board/B2812.jpg
B2813,B2813.jpg,三胺板素材-collection,Warm Wood,/images/collections/melamine-board/B2813.jpg
B2814,B2814.jpg,三胺板素材-collection,Warm Wood,/images/collections/melamine-board/B2814.jpg
B2815,B2815.jpg,三胺板素材-collection,Warm Wood,/images/collections/melamine-board/B2815.jpg
B2817,B2817.jpg,三胺板素材-collection,Warm Wood,/images/collections/melamine-board/B2817.jpg
B2818,B2818.jpg,三胺板素材-collection,Warm Wood,/images/collections/melamine-board/B2818.jpg
B2819,B2819.jpg,三胺板素材-collection,Warm Wood,/images/collections/melamine-board/B2819.jpg
B2822,B2822.jpg,三胺板素材-collection,Dark Wood,/images/collections/melamine-board/B2822.jpg
B2823,B2823.jpg,三胺板素材-collection,Dark Wood,/images/collections/melamine-board/B2823.jpg
B3210,B3210.jpg,三胺板素材-collection,Dark Wood,/images/collections/melamine-board/B3210.jpg
B3601,B3601.jpg,三胺板素材-collection,Warm Wood,/images/collections/melamine-board/B3601.jpg
B3904,B3904.jpg,三胺板素材-collection,Warm Wood,/images/collections/melamine-board/B3904.jpg
B5301,B5301.jpg,三胺板素材-collection,Grey Wood,/images/collections/melamine-board/B5301.jpg
B5302,B5302.jpg,三胺板素材-collection,Dark Wood,/images/collections/melamine-board/B5302.jpg
B5303,B5303.jpg,三胺板素材-collection,Grey Wood,/images/collections/melamine-board/B5303.jpg
B5601,B5601.jpg,三胺板素材-collection,Warm Wood,/images/collections/melamine-board/B5601.jpg
B5603,B5603.jpg,三胺板素材-collection,Warm Wood,/images/collections/melamine-board/B5603.jpg
B5705,B5705.jpg,三胺板素材-collection,Grey Wood,/images/collections/melamine-board/B5705.jpg
B5706,B5706.jpg,三胺板素材-collection,Grey Wood,/images/collections/melamine-board/B5706.jpg
B5707,B5707.jpg,三胺板素材-collection,Grey Wood,/images/collections/melamine-board/B5707.jpg
B8109,B8109.jpg,三胺板素材-collection,Grey Wood,/images/collections/melamine-board/B8109.jpg
B8110,B8110.jpg,三胺板素材-collection,Dark Wood,/images/collections/melamine-board/B8110.jpg
B8116,B8116.jpg,三胺板素材-collection,Dark Wood,/images/collections/melamine-board/B8116.jpg
B8122,B8122.jpg,三胺板素材-collection,Grey Wood,/images/collections/melamine-board/B8122.jpg
B8123,B8123.jpg,三胺板素材-collection,Dark Wood,/images/collections/melamine-board/B8123.jpg
B8124,B8124.jpg,三胺板素材-collection,Grey Wood,/images/collections/melamine-board/B8124.jpg
B8125,B8125.jpg,三胺板素材-collection,Dark Wood,/images/collections/melamine-board/B8125.jpg
B8126,B8126.jpg,三胺板素材-collection,Grey Wood,/images/collections/melamine-board/B8126.jpg
B8127,B8127.jpg,三胺板素材-collection,Light Wood,/images/collections/melamine-board/B8127.jpg
B8128,B8128.jpg,三胺板素材-collection,Grey Wood,/images/collections/melamine-board/B8128.jpg
B8129,B8129.jpg,三胺板素材-collection,Warm Wood,/images/collections/melamine-board/B8129.jpg
B8138,B8138.jpg,三胺板素材-collection,Warm Wood,/images/collections/melamine-board/B8138.jpg
B8139,B8139.jpg,三胺板素材-collection,Dark Wood,/images/collections/melamine-board/B8139.jpg
B8140,B8140.jpg,三胺板素材-collection,Warm Wood,/images/collections/melamine-board/B8140.jpg
B8144,B8144.jpg,三胺板素材-collection,Warm Wood,/images/collections/melamine-board/B8144.jpg
B8168,B8168.jpg,三胺板素材-collection,Dark Wood,/images/collections/melamine-board/B8168.jpg
B8170,B8170.jpg,三胺板素材-collection,Warm Wood,/images/collections/melamine-board/B8170.jpg
B8182,B8182.jpg,三胺板素材-collection,Light Wood,/images/collections/melamine-board/B8182.jpg
B8190,B8190.jpg,三胺板素材-collection,Warm Wood,/images/collections/melamine-board/B8190.jpg
B8202,B8202.jpg,三胺板素材-collection,Dark Wood,/images/collections/melamine-board/B8202.jpg
B8206,B8206.jpg,三胺板素材-collection,Light Wood,/images/collections/melamine-board/B8206.jpg
B8215,B8215.jpg,三胺板素材-collection,Warm Wood,/images/collections/melamine-board/B8215.jpg
B8221,B8221.jpg,三胺板素材-collection,Dark Wood,/images/collections/melamine-board/B8221.jpg
B8224,B8224.jpg,三胺板素材-collection,Dark Wood,/images/collections/melamine-board/B8224.jpg
B8258,B8258.jpg,三胺板素材-collection,Grey Wood,/images/collections/melamine-board/B8258.jpg
B8261,B8261.jpg,三胺板素材-collection,Warm Wood,/images/collections/melamine-board/B8261.jpg
B8266,B8266.jpg,三胺板素材-collection,Fabric / Solid,/images/collections/melamine-board/B8266.jpg
B8269,B8269.jpg,三胺板素材-collection,Fabric / Solid,/images/collections/melamine-board/B8269.jpg
B8272,B8272.jpg,三胺板素材-collection,Warm Wood,/images/collections/melamine-board/B8272.jpg
B8274,B8274.jpg,三胺板素材-collection,Warm Wood,/images/collections/melamine-board/B8274.jpg
C1007,C1007.jpg,三胺板素材-collection,Warm Wood,/images/collections/melamine-board/C1007.jpg
C1016,C1016.jpg,三胺板素材-collection,Grey Wood,/images/collections/melamine-board/C1016.jpg
C1018,C1018.jpg,三胺板素材-collection,Fabric / Solid,/images/collections/melamine-board/C1018.jpg
C1042,C1042.jpg,三胺板素材-collection,Light Wood,/images/collections/melamine-board/C1042.jpg
C1078,C1078.jpg,三胺板素材-collection,Grey Wood,/images/collections/melamine-board/C1078.jpg
C1126,C1126.jpg,三胺板素材-collection,Dark Wood,/images/collections/melamine-board/C1126.jpg
C1146,C1146.jpg,三胺板素材-collection,Dark Wood,/images/collections/melamine-board/C1146.jpg
C1157,C1157.jpg,三胺板素材-collection,Light Wood,/images/collections/melamine-board/C1157.jpg
C1164,C1164.jpg,三胺板素材-collection,Dark Wood,/images/collections/melamine-board/C1164.jpg
C1167,C1167.jpg,三胺板素材-collection,Dark Wood,/images/collections/melamine-board/C1167.jpg
