sourceFile,code,targetFile,image,category,alt
1.jpg,TL-3D-001,TL-3D-001.jpg,/images/collections/3d-wood-panels/TL-3D-001.jpg,Geometric / Grid,TL-3D-001 3D wood panel decorative carved wall panel texture
2.jpg,TL-3D-002,TL-3D-002.jpg,/images/collections/3d-wood-panels/TL-3D-002.jpg,Linear / Fluted,TL-3D-002 3D wood panel decorative carved wall panel texture
3.jpg,TL-3D-003,TL-3D-003.jpg,/images/collections/3d-wood-panels/TL-3D-003.jpg,Linear / Fluted,TL-3D-003 3D wood panel decorative carved wall panel texture
4.jpg,TL-3D-004,TL-3D-004.jpg,/images/collections/3d-wood-panels/TL-3D-004.jpg,Geometric / Grid,TL-3D-004 3D wood panel decorative carved wall panel texture
5.jpg,TL-3D-005,TL-3D-005.jpg,/images/collections/3d-wood-panels/TL-3D-005.jpg,Linear / Fluted,TL-3D-005 3D wood panel decorative carved wall panel texture
6.jpg,TL-3D-006,TL-3D-006.jpg,/images/collections/3d-wood-panels/TL-3D-006.jpg,Linear / Fluted,TL-3D-006 3D wood panel decorative carved wall panel texture
7.jpg,TL-3D-007,TL-3D-007.jpg,/images/collections/3d-wood-panels/TL-3D-007.jpg,Wave / Ripple,TL-3D-007 3D wood panel decorative carved wall panel texture
8.jpg,TL-3D-008,TL-3D-008.jpg,/images/collections/3d-wood-panels/TL-3D-008.jpg,Wave / Ripple,TL-3D-008 3D wood panel decorative carved wall panel texture
9.jpg,TL-3D-009,TL-3D-009.jpg,/images/collections/3d-wood-panels/TL-3D-009.jpg,Organic Carved,TL-3D-009 3D wood panel decorative carved wall panel texture
10.jpg,TL-3D-010,TL-3D-010.jpg,/images/collections/3d-wood-panels/TL-3D-010.jpg,Wave / Ripple,TL-3D-010 3D wood panel decorative carved wall panel texture
11.jpg,TL-3D-011,TL-3D-011.jpg,/images/collections/3d-wood-panels/TL-3D-011.jpg,Linear / Fluted,TL-3D-011 3D wood panel decorative carved wall panel texture
12.jpg,TL-3D-012,TL-3D-012.jpg,/images/collections/3d-wood-panels/TL-3D-012.jpg,Geometric / Grid,TL-3D-012 3D wood panel decorative carved wall panel texture
13.jpg,TL-3D-013,TL-3D-013.jpg,/images/collections/3d-wood-panels/TL-3D-013.jpg,Linear / Fluted,TL-3D-013 3D wood panel decorative carved wall panel texture
14.jpg,TL-3D-014,TL-3D-014.jpg,/images/collections/3d-wood-panels/TL-3D-014.jpg,Geometric / Grid,TL-3D-014 3D wood panel decorative carved wall panel texture
15.jpg,TL-3D-015,TL-3D-015.jpg,/images/collections/3d-wood-panels/TL-3D-015.jpg,Linear / Fluted,TL-3D-015 3D wood panel decorative carved wall panel texture
16.jpg,TL-3D-016,TL-3D-016.jpg,/images/collections/3d-wood-panels/TL-3D-016.jpg,Linear / Fluted,TL-3D-016 3D wood panel decorative carved wall panel texture
17.jpg,TL-3D-017,TL-3D-017.jpg,/images/collections/3d-wood-panels/TL-3D-017.jpg,Linear / Fluted,TL-3D-017 3D wood panel decorative carved wall panel texture
18.jpg,TL-3D-018,TL-3D-018.jpg,/images/collections/3d-wood-panels/TL-3D-018.jpg,Geometric / Grid,TL-3D-018 3D wood panel decorative carved wall panel texture
19.jpg,TL-3D-019,TL-3D-019.jpg,/images/collections/3d-wood-panels/TL-3D-019.jpg,Geometric / Grid,TL-3D-019 3D wood panel decorative carved wall panel texture
20.jpg,TL-3D-020,TL-3D-020.jpg,/images/collections/3d-wood-panels/TL-3D-020.jpg,Organic Carved,TL-3D-020 3D wood panel decorative carved wall panel texture
21.jpg,TL-3D-021,TL-3D-021.jpg,/images/collections/3d-wood-panels/TL-3D-021.jpg,Geometric / Grid,TL-3D-021 3D wood panel decorative carved wall panel texture
22.jpg,TL-3D-022,TL-3D-022.jpg,/images/collections/3d-wood-panels/TL-3D-022.jpg,Organic Carved,TL-3D-022 3D wood panel decorative carved wall panel texture
23.jpg,TL-3D-023,TL-3D-023.jpg,/images/collections/3d-wood-panels/TL-3D-023.jpg,Geometric / Grid,TL-3D-023 3D wood panel decorative carved wall panel texture
24.jpg,TL-3D-024,TL-3D-024.jpg,/images/collections/3d-wood-panels/TL-3D-024.jpg,Geometric / Grid,TL-3D-024 3D wood panel decorative carved wall panel texture
25.jpg,TL-3D-025,TL-3D-025.jpg,/images/collections/3d-wood-panels/TL-3D-025.jpg,Wave / Ripple,TL-3D-025 3D wood panel decorative carved wall panel texture
26.jpg,TL-3D-026,TL-3D-026.jpg,/images/collections/3d-wood-panels/TL-3D-026.jpg,Geometric / Grid,TL-3D-026 3D wood panel decorative carved wall panel texture
27.jpg,TL-3D-027,TL-3D-027.jpg,/images/collections/3d-wood-panels/TL-3D-027.jpg,Wave / Ripple,TL-3D-027 3D wood panel decorative carved wall panel texture
28.jpg,TL-3D-028,TL-3D-028.jpg,/images/collections/3d-wood-panels/TL-3D-028.jpg,Wave / Ripple,TL-3D-028 3D wood panel decorative carved wall panel texture
29.jpg,TL-3D-029,TL-3D-029.jpg,/images/collections/3d-wood-panels/TL-3D-029.jpg,Linear / Fluted,TL-3D-029 3D wood panel decorative carved wall panel texture
30.jpg,TL-3D-030,TL-3D-030.jpg,/images/collections/3d-wood-panels/TL-3D-030.jpg,Organic Carved,TL-3D-030 3D wood panel decorative carved wall panel texture
31.jpg,TL-3D-031,TL-3D-031.jpg,/images/collections/3d-wood-panels/TL-3D-031.jpg,Wave / Ripple,TL-3D-031 3D wood panel decorative carved wall panel texture
32.jpg,TL-3D-032,TL-3D-032.jpg,/images/collections/3d-wood-panels/TL-3D-032.jpg,Linear / Fluted,TL-3D-032 3D wood panel decorative carved wall panel texture
